id,昵称,性别,地区,教育,阳光信用,注册时间,微博数,粉丝数,关注数,个人简介
6529218955,布丁茶lcsxyk,女,海外,,,,8931,144,222,
2563367947,august_shilme,女,其他,,,,4667,188,293,不惧流言❤️❤️❤️
7343042580,小葵葵有点困,女,其他,,,,283,4,36,给蔡困做积分的小号 💛
7290404537,日常伤感患者,男,海外,,,,110,24,84,追星号
7249230086,·挽歌·,女,其他,,,,484,32,128,花花世界，静守己心
6892834054,Kunming201812,男,广东,,,,727,62,303,
6582087265,沦陷于蔡徐坤的IKUN,女,其他,,,,3982,148,211,高冷的小猫咪
6242181166,啊哦额阿呼A,女,其他,,,,18,7,68,
5750111375,802号系列,女,广东,,,,2925,20,224,如果你有眼睛的话，就不要用耳朵去了解他
6531540402,用户6531540402,女,湖南 岳阳,,,,384,7,108,
7328944311,苏湘1998,女,广东 珠海,,,,135,23,213,
5647440925,土申_lv,女,海外 马来西亚,,,,58,17,132,
6768593071,菜菜妈咪丫,女,其他,,,,1937,17,115,
6986187403,葵味雏田,女,其他,,,,51,7,58,ikun宝贝快康康我‼厦门ikun快和我面基❗❗
2599705043,全世界最好的小玫瑰,女,四川,,,,6209,189,1062,最爱小玫瑰
5573397816,喜你伴你,女,黑龙江,,,,1537,101,785,ikun一枚 希望和蔡先生长长久久慢慢约会💛
6509278477,E-PAO,女,其他,,,,280,88,337,don't leave me alone
5309058486,蔡徐坤的wifecc,女,其他,,,,103,20,81,干脆果断
3563301530,CC芒果小甜饼,女,海外,,,,1927,759,661,ฉันรักเธอ
3952817986,静守初心的云,女,其他,,,,76,35,280,
6612579736,坤的比巴卜,女,天津,,,,1251,125,502,ikun
2315422803,niowkd_811,女,江苏 连云港,,,,565,351,3334,
6869506871,激怒勿_a9uqx,男,湖南,,,,0,65,4946,
7040888857,私家鞋柜620,女,其他,,,,401,935,3217,买鞋请加我Ｖ信: NB6571
7041586073,译_风吹裤衩蛋蛋凉,女,辽宁,,,,6,44,674,
6965244270,灞王龙5510,男,天津,,,,3,45,2182,
3815456758,乐乐小小曲,女,吉林 长春,,,,93357,13307,4962,爱生活，爱娱乐
6693332597,毛芳婷6323,男,北京,,,,2,12,1741,
6899429714,宁缺毋滥丶Hoae,女,青海,,,,2,91,1429,
6937986751,球球岱打27540,女,海外,,,,4,51,1223,
6889211680,颜若惜丶Hugohen,女,河南,,,,2,96,2165,
6064227148,幻墨如烟--,女,河北,,,,26,2114,4895,
1712749894,王治强4496,男,黑龙江,,,,2328,160,716,越努力越幸运（唯坤互粉）
6384440096,seapr小乐,女,河南,,,,4097,292,1949,热热热
6895614215,grpgi64b,女,海外 美国,,,,2,52,1929,
5450915701,开开心心每天都要,男,海外 荷兰,,,,19894,249,1094,Het leven is altijd mooi
6661956199,花痴_Lukaf,男,吉林,,,,0,89,2623,
5212554470,骞全任三只猪blog,女,安徽,,,,9959,200,1459,
3820990965,貪翫的围脖德,女,湖南,,,,14698,583,2204,天才并不是自生自长在深林荒野里的怪物，是由可以使天才生长的民众产生、长育出来的，所以没有这种民众，就没有天才。－－鲁迅
3837167350,孩子的眼睛12牧,女,山东,,,,7995,472,2144,亲善产生幸福，文明带来和谐。
5722553988,乖乖养坤,女,河北,,,,2817,1192,261,ikun
6347062382,小熊椰奶K,男,河北,,,,1239,381,334,皮卡丘弟弟
6474953275,三三三_THREE,女,其他,,,,2422,82,147,如果你能感同我的身受
5136856862,伴你远航k,女,河北 石家庄,,,,2191,233,210,
7081579538,甜浅537,女,其他,,,,424,25,86,爱蔡徐坤✨
6859581377,葵葵吖吖,女,重庆 北碚区,,,,572,41,176,花花世界，静守己心
1531592332,衰小猴,女,上海,,,,4542,51,235,"┈━═☆wo的世界有你在，我不在孤单。为何距离让我觉
的你好遥远"
6900042802,boom00645,男,其他,,,,403,59,235,一个小号
6493031689,二月子卿,女,湖南,,,,4013,45,231,每天进步一点❤️
5626324702,ikun小羊1,女,其他,,,,5490,121,969,
1088908201,金色大脸猫,女,江苏,,,,62,121,758,
6606349558,ikun俽0802,女,其他,,,,2966,128,790,
5318472909,就是喜欢蔡蔡,女,山西 太原,,,,1841,36,309,我爱吃菜菜
6417760876,afkun-onlykun,女,其他,,,,2251,148,380,唯坤，小号
6676469365,小玫瑰3号20741,男,其他,,,,0,1,41,
6733028770,葵葵的小玫瑰kk,男,其他,,,,4853,42,184,
5916984426,程再良,男,广东,,,,27,81,378,
6495919094,Suri0315K,女,其他,,,,738,301,268,Young&amp;Rich
6631780617,野蔷薇67267,男,其他,,,,4089,176,906,
6900848129,ikun倾心love,女,其他,,,,625,22,142,
3269917492,坤坤的粉丝82,女,黑龙江,,,,2647,97,244,
6676468845,小玫瑰2号96726,男,其他,,,,0,2,39,
6677350787,小玫瑰1号15645,男,其他,,,,0,1,95,
6574438231,开心果子烤冷面,女,其他,,,,0,6,72,
5835710494,潍坊灵感儿,男,山东 潍坊,,,,1984,6332,3141,灵感儿官方旗下产品，官方微博
6540560793,萌萌咪kun,女,其他,,,,6565,1578,343,all for kun
6602608718,IKUN广大群众,女,广东,,,,3251,102,159,
6652737792,幻化学品味,男,其他,,,,1591,105,95,打榜抡博小号没啥内涵
6635944136,席折,女,其他,,,,227,111,185,轮博数据小号
5537434794,IKUN-小仙女h,女,吉林 长春,,,,4605,82,170,没有意外
2921826733,蔡徐坤老婆100,女,浙江 宁波,,,,6654,857,1014,来到这里关注一下
6493076170,简微小清新,女,广东,,,,39275,135,335,要陪你很久很久
6509392064,Krystal_Kun,女,上海,,,,10924,552,468,花花世界 静守己心
6525428089,葵的芒果冰和芹菜炒牛肉,女,江西,,,,5006,407,443,一枚追星小透明
5186237845,ikun幼儿园的老大,女,福建,,,,679,197,195,愿你永远世间一切美好事物
6604316539,简微落零,女,广东,,,,11378,122,302,你是唯一
6574433636,5静守己心48229,女,其他,,,,0,13,50,
6574435132,样姐蒙妹,女,其他,,,,1,13,36,
6539668339,LotusKUN,女,其他,,,,12569,119,229,我们的梦
6509569545,一点繁星kk,女,海外,,,,25169,280,388,希望你一直开心自由
5319484212,简微尘霓,女,广东,,,,45138,280,382,未曾谋面的也终将会相遇
6540699931,浅荨予梦,女,其他,,,,21487,153,295,花花世界，静守己心。唯蔡徐坤
5061891767,辰妖,女,台湾 新竹市,,,,430,527613,842,生活再苦涩也要坚强
6067621522,宏观对冲陈凯丰Kevin,男,海外,,,,4600,101364,15286,美国汇盛金融首席经济学家，宏观对冲基金经理，纽约大学教授，腾讯/新浪/阿尔法工场/华尔街见闻等专栏作家
7388097832,用户7388097832,女,湖南,,,,0,17,1108,
6022478547,莘辰星星葵,女,其他,,,,1149,66,176,爱困
3012886555,_VERA---,女,海外 澳大利亚,,,,641,365,191,語虛，何以言之。
7397663657,Convergence17,女,湖南,,,,18,19,88,
7397354193,Convergence16,女,湖南,,,,19,19,84,
7397354181,Convergence15,女,湖南,,,,18,18,83,
7397354173,Convergence14,女,湖南,,,,19,19,86,
7397663612,Convergence13,女,福建,,,,18,19,89,
7397663527,Convergence12,女,湖南,,,,18,16,81,
7397354151,Convergence10,女,湖南,,,,18,16,80,
7397663476,Convergence7,女,湖南,,,,19,8,73,
7400456683,Convergence4,男,湖南 湘潭,,,,20,16,82,
7400085589,Convergence3,男,湖南 怀化,,,,23,12,89,
7400401727,Convergence2,男,北京,,,,22,12,85,
7397354080,Convergence11,女,湖南,,,,21,14,82,
7397354070,Convergence9,女,北京,,,,18,17,84,
7397663613,Convergence8,女,湖南,,,,19,17,101,
7397663596,Convergence6,女,湖南,,,,23,14,84,
7400675187,Convergence1,男,湖南 湘潭,,,,22,16,27,
7399890062,Convergence__,女,湖南,,,,22,19,88,
6161695069,掌上明猪0802,男,上海,,,,551,15,53,ikun
7314034593,储蓄卡你最好看呀,男,其他,,,,524,15,47,
6154096899,Convergence___,女,海外,,,,2272,220,586,passerby
6785955517,八十二星宿,男,安徽,,,,191,42,140,清清白白算卦 认认真真追星
6936293747,荷塘月色的八月,女,安徽,,,,15166,180,490,
7229718434,AK懿歌倾境,女,其他,,,,37,19,126,
6036809163,全维士全奖,男,黑龙江,,,,77,16,113,
7394317681,小悦忙着想琳琳,女,其他,,,,20,2,9,等我攒够了六便士就去找月亮
2304725804,小破熊爱熊抱ing丶,女,上海,,,,51539,491,4736,
6190161265,缘轻舞,女,河南,,,,553,148,4731,如果心胸不似海，又怎能有海一样的事业。
5939828130,李菡芮LL199501,女,山东,,,,201,455,3968,
6878306814,用户6878306814,男,福建 厦门,,,,472,27,259,爱惜自己
3847621502,菜菜真可爱啊,男,江西 萍乡,,,,929,336,1809,
7309797688,坤坤的某一天,女,北京,,,,855,92,245,
5591317717,左亲亲右亲亲2015,女,安徽,,,,5291,309,619,
6692807697,用户6560403364,男,北京,,,,0,11,1437,
2824665090,皮卡丘的逆袭,男,江苏,,,,345,341,4812,
6633133279,ikun哗哗,女,其他,,,,534,27,129,花花世界，静守己❤️
6806278620,爱坤08545,女,其他,,,,2750,247,471,陪你成长，看你成王，只要你开心快乐，加油崽
6026229965,香菜的粉丝儿,女,其他,,,,8156,158,655,蔡蔡好香啊
7264873390,爱坤的艳子025,女,陕西,,,,2150,120,426,爱我所爱的人，做我该做的事。
6964114120,兔子包包-pink,男,广东,,,,248,6,134,
6798472831,跨界区块链杨_杨,女,江西,,,,1914,138,295,
5315220766,KKKKK-池鱼厶,女,广东,,,,5801,394,238,白发苍苍 仍听你唱 KUN&amp;IKUN
6751955912,就是这么可爱唷,男,福建 漳州,,,,260,13,87,
6751955915,两个宝贝奎葵,男,山西,,,,229,10,64,
7019706465,秋辞爱蔡大爷和福西西,女,湖南 长沙,,,,74,5,89,喜欢唱歌，为了丞坤努力   底线:蔡徐坤，范丞丞
3162669321,秋海星_645,女,其他,,,,15215,646,666,
7207416147,C4mtN-避而远fxs_45830,女,海南,,,,2,25,868,
5410338761,勇敢的boy0914,女,广东,,,,4694,198,309,愿平安健康🍏
5917299641,微甜的回忆麽,男,其他,,,,885,48,139,
6895752083,cxk-佳,女,陕西,,,,579,24,253,
5619143897,甜憇小葵,女,贵州 贵阳,,,,746,148,261,
5694696312,芹菜炒芮,女,辽宁,,,,1780,141,191,dy同名
1939438287,庭园深深2011,女,广东 佛山,,,,970,134,179,做一个快乐开心的人
1729384931,kun炸,女,广东 佛山,,,,1585,453,508,Work hard，Play hard！
6816290105,小葵健康成长,女,北京,,,,1488,46,258,
6878732385,小乖宝001,男,其他,,,,1053,62,191,
6590324248,福泡泡爱福蓉蓉2018,女,其他,,,,4189,229,146,
2260115822,让你的心静下来,女,上海 浦东新区,,,,20855,315,1779,“生活不一定得是完美的才能精彩。” 保持乐观的心态，别老是羡慕别人，才能享受人生!
6445945936,依问宝贝,女,江苏 南京,,,,1523,160,415,
6028205615,我在这里等等等很久了,女,其他,,,,2465,205,496,来自另一个星球
2624760915,Miss_小兰子,女,重庆,,,,1289,336,227,"若心不够沉稳,怎面对如此起起落落。"
6522674359,爱吃蛋炒饭的猫咪咕噜,女,,,,,1008,370,640,花花世界 静守己心
5407002847,Sunshine糖豆豆,女,北京 房山区,,,,1854,297,786,一直在路上的Sunshine&amp;Kun
6544908388,莫愁奎葵,女,其他,,,,904,161,251,蔡徐坤姐姐粉
5850300383,困困的喵啊,女,海外,,,,3142,261,408,爱我所爱，尽其所有。
5708646983,葵葵的哥哥奎奎,女,陕西,,,,52,84,128,努力是为了站在万人中央，成为别人的光！
7018882733,葵葵还没长大,女,其他,,,,1034,106,500,不燃怎YOUNG🦁
7221073606,葵宝宝加油,女,其他,,,,820,85,458,kun&amp;ikun
6616933342,AlwaysSmile22390,男,其他,,,,3319,176,318,不燃怎YOUNG!
6906607595,幸运是遇见你1221,男,广东 珠海,,,,518,54,167,
6140868128,不然怎Young,女,广东,,,,4066,174,466,ikun组合成员
6490372753,小喵喵爱菜菜,女,其他,,,,5368,111,362,
6034285888,小蔡-是我啦,女,陕西 西安,,,,860,109,268,没啥可说的
6736122379,素衣白纱亦倾国015,男,其他,,,,58,11,91,
6613584337,爱坤的菜菜2,女,其他,,,,2657,125,463,ikun
6298366394,小小蔡包子,女,其他,,,,886,90,121,三观不同，互相尊重！底线蔡徐坤👀
3118472937,o0熊0熊0o_534,男,贵州,,,,7574,100,4873,
6074349780,班咚buqsha,男,云南 曲靖,,,,5940,289,4925,最后我们都会发现当初我们所执着的到最后都会可笑自己的幼稚
2283584743,GyuKyu,女,其他,,,,6026,130,4950,蓝家。曺圭贤。
5984421315,呼延凯悔,男,其他,,,,829,344,4815,积极者相信只有推动自己才能推动世界，只要推动自己就能推动世界。
6888481697,用户4976607188,男,北京,,,,0,4,784,
7293860525,釒屋藏K,女,其他,,,,3333,79,121,
7229802938,蓝莓味的小坤,女,其他,,,,414,420,430,kun＆ikun
6962525136,吧唧吧唧蔡小葵呀,女,山西 晋城,,,,2045,37,152,本命蔡徐坤
6607824425,坤-丞12523,女,其他,,,,0,40,243,一个喜欢热巴的普通人
7023407520,初樱源樱,女,其他,,,,180,207,433,葵葵的静静♡
7311446690,小杏萘菜,女,广西,,,,404,66,254,蔡徐坤要永远快乐幸福
6592857478,狙擊野葵_L0VER,女,浙江 金华,,,,467,166,419,狙擊野葵_LOVER＇
6972295588,蔡先生家的冰激凌,女,浙江 宁波,,,,2232,73,583,未曾谋面的终将会相遇
5233058997,嘻嘻钓叟莲娃2020,女,湖南 株洲,,,,29562,319,839,随心所欲的生活。
6977954261,春日恋坤记,女,其他,,,,172,22,56,初见蓝玫瑰＂
6389182279,超可可的小葵,女,广东,,,,5617,101,20,未曾谋面的终将会相遇
6575620450,kkkun玖_,女,其他,,,,51,5,105,『蔡徐坤值得更好』   &lt;&lt;&lt;宝藏&gt;&gt;&gt;   &lt;&lt;&lt;金海早晚会在黑夜中爆发&gt;&gt;&gt;
6663307781,喜欢蔡徐坤的小涵,女,浙江 温州,,,,56,17,90,喜欢蔡徐坤&amp;NINE PETCENT
7261040296,玖捌的旺仔小坤,女,上海 松江区,,,,70,13,211,未曾谋面的也终将会相遇.
6546309833,82号诗玖,女,其他,,,,176,137,225,蔡徐坤.
5777418219,蔡徐坤太会了吧,女,上海,,,,2131,130,156,未曾谋面的，迟早会相遇
7293972957,蔡大奎的茹茹,女,山东,,,,564,64,239,蔡徐坤是我的
6673081375,乐熙KUN,女,甘肃 平凉,,,,790,217,330,蔡徐坤工作室旗下艺人IKUN女团
6180226232,颜苒沫-KUN,女,河北,,,,1732,71,169,ᴄ̶ᴀ̶ɪ̶x̶ᴜ̶ᴋ̶ᴜ̶ɴ̶💞
6186424527,fairy芒果冰,女,河北,,,,370,290,143,众生皆苦 唯有蔡先生是甜甜的🌙
5844603358,三份牛排k,女,上海,,,,552,109,139,吃饭了吗
5694072239,Deeplove-KUN_晨,女,湖北,,,,640,129,111,未曾谋面的也终将会相遇~
6800456314,爱一爹吮,女,河南 郑州,,,,124,96,127,做一只快乐的猪猪
5994640926,KUN星云song,女,贵州 贵阳,,,,607,212,248,KUN and IKUN is forever.
6530343745,旺o仔牛奶Oo,女,其他,,,,918,31,54,甜味葵葵
6572109730,wo亲一口坤坤,女,安徽 宿州,,,,356,139,157,ᴄ̶ᴀ̶ɪ̶x̶ᴜ̶ᴋ̶ᴜ̶ɴ̶🦁
6576004766,小困的颜曦,女,其他,,,,79,122,129,蔡徐坤粉丝大咖.
6501137457,蔡徐坤小葵i,女,其他,,,,40,13,88,蔡徐坤的ikun
7196291771,喜李LEE,女,河北 邢台,,,,1076,113,194,沉迷蔡徐坤
6049825461,喝牛奶的葵葵,女,湖北,,,,1532,62,225,披金成王，伴坤远航
7304134345,小葵偷了个奎,女,河南,,,,54,14,34,Kun＆ikun
6538318633,苒苒心动蔡困,女,其他,,,,232,263,296,蔡徐坤是信仰💫
6211955783,KUN_尤川,女,河北 邯郸,,,,1419,189,295,总会有人会为了你的开心费尽心思.
6499054935,偷葵葵回家,女,吉林 长春,,,,92,49,46,"あ鸢尾绽放,一瓣心香,折刃不弃,纸质柔情."
6982259166,Already802,女,其他,,,,0,164,180,花花世界 静守己心
7020310957,KUN-淼,女,辽宁 沈阳,,,,507,87,212,追原创歌手蔡徐坤
6246043696,HUMAN08IDEAL02KUN,女,山东 临沂,,,,810,64,94,IKUN
6935389475,Adelaide_KUN,女,其他,,,,787,67,236,KUN&amp;IKUN
6096280483,蜜桃甜困_,女,广东,,,,548,116,171,陪蔡徐坤漫游星际.
6614850306,捕坤专家,女,河北 保定,,,,366,58,100,Ikun一枚
6619225658,kun的小裤头,女,其他,,,,198,44,88,54南婗
7425586640,K-坤子哥,男,其他,,,,229,2,26,
7413180111,奎奎的蓠蓠,女,其他,,,,134,13,117,
6619913385,坤坤家的小脑婆,女,其他,,,,119,99,352,我是ikun，一生一世只爱蔡小醋 披金成王，伴坤远航 向阳花木易春，听说你爱蔡徐坤
6776341214,-Script_,女,陕西 西安,,,,15,24,248,蔡徐坤-  黄明昊-  林彦俊-  NINEPERCENT
6549263945,小葵环游记-,女,其他,,,,1588,292,301,什么时候放假芽！
6582199750,小葵一一ikun,女,福建,,,,21,273,268,
6637517151,kdclxa莱,女,安徽,,,,6318,296,438,我的小朋友漂亮可爱
6478331604,巨c小蔡_KUN,女,广东 梅州,,,,3290,1423,529,彩壳你困了吗
6450820755,隔壁82号奶茶铺,女,江苏,,,,2825,162,333,今天也要吸葵葵鸭!🐷
6348916274,是依茉,女,江西 上饶,,,,782,236,292,KUN&amp;IKUN
6520158906,尤九爱一爹,女,其他,,,,260,36,85,未曾谋面的也终会相遇
6971798816,浣熊泡泡水OoOo,女,其他,,,,120,36,106,𝙆𝙐𝙉
6522449006,元气小葵cxk,女,其他,,,,414,67,213,学业繁忙
6920093208,蔡徐坤的虾米,女,上海,,,,87,23,137,和蔡徐坤一起走花路吧
6570496011,菜菜是苏辞汐的宝贝,女,吉林 长春,,,,1413,434,454,我将永远主观偏向偶练第一名选手
6150492219,渡劫cxq,女,浙江,,,,1578,111,393,初三 一中 加油！
6472175945,零八零二女孩,女,山东,,,,937,73,215,KUN&amp;IKUN
6571551613,葵花基地802,女,其他,,,,927,140,286,🦁KUN&amp;IKUN🐱
7325385922,LQY爱kun呀,女,其他,,,,48,98,314,本命～蔡徐坤💛 💛 KUN💛 💛
7347414871,菜困lll,男,其他,,,,0,2,46,
3232816362,Renascenc-E,女,北京 西城区,,,,340,1319,370,I am allergic to people
7184509035,上善若水90700,女,广东 河源,,,,1,1,15,可可爱爱  没有脑袋
6515540999,抱走小困-kun,女,香港,,,,1100,518,570,人类你好
6446624042,kun的皮皮啊,女,吉林 长春,,,,982,756,548,永远的ikun 陪坤坤一起走花路
6436406080,值得去喜欢那个未曾谋面的K,女,安徽,,,,1160,114,223,
6344550934,对蔡徐坤心动的敏敏,女,广东,,,,3821,331,373,一辈子只爱蔡徐坤
6134332590,KXUQN,女,广东 广州,,,,518,223,297,蔡猪很困🐽
6782438159,半糖CG,女,辽宁 朝阳,,,,597,163,137,蔡徐坤的CG
7438219134,超级小小葵噢,女,广东,,,,0,2,14,
7035715452,用户7035715452,女,其他,,,,104,32,205,
7364065267,日常心动蔡徐坤,女,其他,,,,542,4,55,枪与玫瑰，都为蔡徐坤待命
5992041688,AUGUST8_LION2,女,江西 宜春,,,,1810,1408,669,我心疼地发觉 你能忍的痛 有多强烈
6765231058,用户6765231058,女,其他,,,,0,1,30,
1672397230,LiuYan0924_,女,辽宁 沈阳,,,,2658,141,518,💚Plan forever💚
7380768914,的但p好爷家_y,女,北京,,,,12,49,1202,
7282601243,说wtHRMN,女,安徽,,,,32,41,1780,
6583732352,是福西西啊0616,女,其他,,,,27,41,230,最爱范丞丞 NPC个个爱
6538399286,零三年的爽歪歪,女,其他,,,,3813,2246,648,小葵要天天开心吖💞
7367272594,决情y四红啊_kV,女,四川,,,,30,19,824,
6533894546,朝他的方向前行,女,广东,,,,3889,139,125,
6218357230,闲云0925,男,湖南,,,,1,3,66,
6577343339,蔡徐坤重新了解下,女,其他,,,,10139,116,247,花花世界 静守己心
2615580525,圈内微头条,男,澳门,,,,4200,636363,1972,JYFK01
6604012775,唯爱丶蔡徐坤,男,其他,,,,1149,62,40,
5225055235,wuhc99童靖,女,四川,,,,152,688,731,无论何人，若是失去耐心，就是失去灵魂。--培根
7325897615,用户7325897615,男,其他,,,,49,5,324,
6189354870,心儿6189354870,女,北京,,,,6,21,406,
6315687029,王德岐,女,其他,,,,0,1,210,
3932501721,XLion802,女,上海,,,,9108,202,189,Harsh reality is always better than false hope
6859949892,红枫802LOVEK,女,天津,,,,2648,133,153,ikun
6102902214,追菜小快乐,男,甘肃,,,,540,24,49,
7006343205,娜娜小甜甜love,男,河南,,,,429,38,207,
7187162480,懒菜300,女,湖北,,,,446,17,50,
5646473715,奈斯的楚青凌,女,山西 太原,,,,107,20,133,山西太原一小姑娘，没啥特别的
6885732860,ikun心晴,女,其他,,,,2161,157,299,
7339657229,粉紫12,女,海外 澳大利亚,,,,18,14,67,喜欢彭捷的海外狗
6864481415,BethandRuthandG,男,其他,,,,4582,38,63,
6744268152,爱喝阔乐的可小乐,女,四川 广安,,,,59,43,140,"Hi,这里是可小乐同学鸭! （不领ikun粉籍的o）"
7278598295,草莓味小牛排,女,河北,,,,411,115,137,我喜欢坤子哥
6553522156,虚拟爆炸,女,海南,,,,1667,41,142,i kun
6866987438,养菜yepep,女,北京,,,,328,122,268,蔡徐坤！！麻麻爱你
7055746683,如诗如梦71625,男,其他,,,,0,38,1066,
5118606182,思坤馨语,女,其他,,,,12242,327,113,单枪匹马也懒得热闹
6468576636,葵葵久,女,其他,,,,3662,135,360,
3590928495,如释重负的陈姑娘,女,江西 九江,,,,621,360,203,人生格言：吃吃吃吃……
6575883913,蔡徐坤的小水滴,女,广西,,,,2797,440,380,休息一下
1923409733,爱到远方去旅行,女,其他,,,,6694,3891,1508,往好处想，往前方看，往目标靠近，只有那样你才能不枉此生。
7126667835,孟_5821,女,浙江 绍兴,,,,134,20,2813,手绘人物肖像艺术画，5年专业手绘，私人定制。 VX：keyuan3353
6576279421,被功到挑玄身法转much,男,广东,,,,0,197,4786,
6985113678,仲g贵,女,福建 泉州,,,,251,559,3773,
2261168894,lost_cardinal,女,北京,,,,9311,1853,3226,
2526386883,ikun_我不是顾横波,女,湖北,,,,8328,2441,4770,只爱蔡徐坤
5815692304,小懒猪kkk,女,江西,,,,3417,124,253,muamua
1238297255,cc萌萌x竹kk,女,江西 南昌,,,,12594,6206,477,吃貨一枚!
6505220170,木樨桥西,女,江西 南昌,,,,6281,106,349,muamua
5327000422,萌萌菜小葵,男,江西 南昌,,,,3966,294,226,muamua
1092765341,丨火炏焱燚丨,女,香港,,,,26003,199,4287,
6852399498,内人大人漍桃,女,江西,,,,4,92,2015,
6863236293,双相思_zssaa,女,广东,,,,4,21,445,
6449160037,Deereed_0906,女,北京 海淀区,,,,186,80,282,今天我idol营业了吗
6923640688,奎葵的星妤,女,湖南 怀化,,,,569,60,75,披金成王 伴坤远航
6529218955,布丁茶lcsxyk,女,海外,,,,8931,144,222,
7406264354,斯文的ikun宝宝,女,甘肃 天水,,,,8,4,90,"❤️❤️❤️12岁少女,喜欢追星，跳舞，唱歌。最喜欢的明星是蔡徐坤(小葵)，爱幻想,不知道这样的我你们喜不喜欢❤️❤️❤️"
5603305189,蔡哥哥的小公主呀,女,安徽 合肥,,,,171,615,309,蔡徐坤的ikun宝贝💛 💛 💛
6442543337,蔡徐坤是ikun的宝贝,男,福建 莆田,,,,415,313,260,就是喜欢NINEPERCENT没有理由，不接受反驳
6258370203,床咚小奶坤,女,江西 南昌,,,,149,194,196,KUN的唯粉 数据粉！为了坤坤做好数据！！！
7350583588,超爱葵葵的小猫咪,女,湖北,,,,3002,68,204,kunikunisforever💛
1651061981,露露blog_eeg,女,海南,,,,1175,137,782,
6287459755,用户6287459755,女,其他,,,,0,1,76,
6979894904,春风吹53741,女,其他,,,,51,11,262,
7393428519,实名心動的AK,女,其他,,,,43,2,29,蔡徐坤旗下艺人IKUN💛
7411688363,苏染染眼里有星辰大海,女,其他,,,,24,11,350,ikun＋达琳❤ 微信号:cindychaokeai 扩列加我✨✨
6963064074,蔡徐坤的荔,女,广东 深圳,,,,77,49,102,
7367948990,喜葵0802,男,其他,,,,35,28,103,
6212408547,坤哥的阿姨粉,女,河南 信阳,,,,1795,104,233,披金成王，伴坤远航！
6571603822,曦冉大大鸭,女,湖北 武汉,,,,1766,24,605,没有介绍只爱蔡徐坤❤
6859715291,爱吃他爱吃的芹菜炒牛肉,女,青海 海南,,,,214,48,72,想你～
6633940112,不可触及40248,男,其他,,,,405,44,438,
6417420607,领导不来了,男,黑龙江,,,,317,1734,14386,做工务农读书当公仆，有情有仁有义有担当。
6089345471,柒妹子丶,女,广西,,,,270,65,243,向阳花开易为春，听说你爱蔡徐坤♡
2998799797,葵味唯C,女,北京,,,,16940,548,478,唯葵
6568808560,坤哥的熊宝宝,女,辽宁,,,,869,146,243,蔡徐坤是命
3101325397,菜菜要开森,女,云南,,,,18850,534,1085,爱吃青菜
2450673044,你是我de蔡_,女,北京 丰台区,,,,25961,582,518,广大群众之一all for music all  for  kun
2672182155,菜菜三岁惹,女,北京 丰台区,,,,29012,588,721,蔡徐坤的小砖头，哪里需要哪里搬
6035757808,ling小kui哥,女,山东,,,,573,23,342,做一个温暖的人，不卑不亢，清澈生活。
3807412201,小猫_喵喵喵_,女,海外,,,,10975,365,345,
5404960280,TT坤坤,女,浙江 金华,,,,592,85,199,婷子只爱蔡困！蔡徐坤旗下Ikun女团组合蔡徐坤是底线！！！
6048474328,和我一起种菜菜,女,四川,,,,3400,175,257,普普通通的蔡徐坤 普拉达的普
6392706465,原是归处,女,广东,,,,53,79,113,
5825659613,cxk_XT,女,其他,,,,12,3,23,你与我终于要渐渐远去。
5338343147,不知梦-葵,女,重庆,,,,1634,153,260,未来多漫长，再漫长，陪伴你，一直到故事都说完。
6519227254,人民数字直播,男,陕西,,,,50,423,1768,讲真实故事、闻听看天下所有！
6331123467,老子只喜欢蔡徐坤,女,四川,,,,27382,334,1005,老子只喜欢蔡徐坤
6592274981,我的小路易呢,男,其他,,,,951,70,175,
5266895437,美容讲师Anna,女,辽宁,,,,15,948,6408,最高贵的复仇是宽容。
6422777623,省钱精灵666,女,北京,,,,14,8,55,穿过夏天的木栅栏和冬天的风雪，你终会抵达。
3843306722,麦_Ben纯,男,北京 崇文区,,,,85,103,400,
3948475410,赫轩股东小玲xaurv,女,广东 广州,,,,32,26,311,2017年目标：帮助500位代理伙伴月入超过30万，年底提豪车梦想！看懂这份市场的伙伴加维新Y60097
2919284660,0218绝对信仰俊雄1995,男,其他,,,,7906,262,4939,
3166451930,请叫我柏雪梅,女,云南 西双版纳,,,,102,38,259,求教育儿经验+V信；516403735
2028273357,比熊宝宝的樱桃小丸子,女,四川 眉山,,,,161,65,176,
5079405452,maomaooo余涪,女,重庆 合川区,,,,100,61,915,
5000363186,澳门足球盘口技巧,男,其他,,,,482,285,1967,蔡明好心，回家吧
3044004234,封小金800,男,其他,,,,6173,183,2459,
3044062964,3044062964kwQ,女,其他,,,,3514,209,4928,
3045070930,乐臻的垃圾筒,女,其他,,,,5441,214,61,
5716387899,vkVHp-一帆风aiw,男,江苏,,,,7,96,2938,
5990294023,hTE23-结结巴jqo,女,四川,,,,0,17,1651,
2759217991,韩系搭配,女,台湾,,,,62778,533,4706,
2292706535,则逢家朋,男,重庆,,,,49158,329,4539,
3292557585,手机用户玩耍,男,辽宁,,,,1706,39,370,
5983427647,吕嘉志,女,广东 中山,,,,690,237,4879,人生的价值，并不是用时间，而是用深度去衡量的。
6207651100,皇甫万罡,男,福建,,,,525,236,4528,征服畏惧、建立自信的最快最确实的方法，就是去做你害怕的事，直到你获得成功的经验。
2310835720,步宇邵_321,女,甘肃 庆阳,,,,50211,248,4821,
2292102647,jinly_9993b,女,陕西 宝鸡,,,,56705,389,4792,
6921953504,雪染青黛200710,男,河北,,,,3,63,4858,穷则独善其身，达则兼济天下！
5139353651,寒山暖阳_77642,男,山西,,,,14813,146,4922,
2274780754,QO_CAI,女,内蒙古 阿拉善盟,,,,62739,331,4831,
5969517998,百无一用Stella200912,女,内蒙古,,,,70,1671,4326,
6187260893,楚冬蓉,男,吉林,,,,311,135,4561,人们不能没有面包而生活；人们也不能没有祖国而生活。
7075891805,爸赖让临藏763,女,云南,,,,1,56,4894,
7039672908,欢址夯劣耘951,男,天津,,,,0,41,4745,
5963975895,凯凯sneaker,女,河南,,,,1593,52660,8987,微信号:C3710P
7076423351,凑炒克涟芍487,男,四川,,,,2,35,4951,
2958263812,云少740_,男,贵州,,,,65499,478,3555,在泥土下面，黑暗的地方，才能发现金刚钻；在深入缜密的思维中，才能发现真理。
7284655367,潮鞋工厂5256,女,北京,,,,360,15,2807,
2983878734,d瑞丽潮包包SHO_,男,广东 广州,,,,8,17,2257,
3800888558,朴果实呀p,女,江西,,,,290,636,3428,
5834543676,葵宝的悦宝,男,其他,,,,47,1,50,
7459529293,金love爱坤,女,其他,,,,63,5,42,爱坤新粉
2366705183,-a瑞丽靓包包秀SHOW-,女,辽宁 盘锦,,,,17,31,2085,
7340436885,张yuanp,女,内蒙古,,,,683,169,228,ikun
7214568353,TongtongWu_,女,广西 桂林,,,,4,7,69,蔡徐坤值得。
7067758304,堕世46757,女,其他,,,,175,25,192,
7220059498,小坤不是哭包O,女,四川,,,,777,829,392,奶酪就是饿了 想次那位叫菜包的小盆友
7116350840,19岁的奇妙相遇,女,北京,,,,642,58,98,一切困难  陪你面对@蔡徐坤
5206945510,本人不上岸不改名,女,其他,,,,2048,158,273,要么把梦变成现实，要么一辈子做梦
6323180320,蔡徐坤的小仙女k,女,河北,,,,309,127,94,坤哥
7314485051,喜欢坤哥的小李,女,其他,,,,95,13,137,爱坤坤的小李呀！🌝😝
7302287423,坤的少女0802,女,湖南,,,,871,79,98,蔡徐坤是人间理想
5184615382,AK-Miss,女,其他,,,,2375,121,234,日常追星博
6597053324,2020风轻云淡,女,其他,,,,621,166,303,
5814522194,厉害了我的坤forever,女,吉林,,,,4483,352,473,爱坤坤的akjj
7354693910,乂氼17305,女,北京 西城区,,,,225,28,61,Only for KUN❤️❤️❤️❤️
5528190190,蔡先生的小幸运,女,青海 玉树,,,,2448,1067,686,唯爱坤坤. 梦想是陪他睡觉的东西  不实现它我会失眠的.
6180678166,也是KUN的小羊-,女,其他,,,,558,66,122,没啥爱好 只喜欢我的蔡先生
2274841294,Zu亚华,女,江苏 无锡,,,,63856,341,4700,
6828271282,ybbkun,男,其他,,,,2146,19,137,
5684386523,TS想念你,女,广东,,,,423,232,136,活在当下。做自己喜欢的事
6923513829,超短线狙击者66,女,云南,,,,3,70,4888,的开始
6923226838,鲸渔不爱微笑,女,黑龙江,,,,3,58,4923,小号谢谢关注
3066189552,气质_韩日搭配控控,女,香港,,,,75242,498,4680,活着，为的是替整体做点事，滴水是有沾润作用，但滴水必加入河海，才能成为波涛。－－谢觉哉
6195194034,殖螺化49,男,青海,,,,885,466,4420,哪里有思想，哪里就有威力。
6523905982,呆萌海苔,女,江苏,,,,14956,790,794,
6986230311,啾啾啾啾久59256,男,其他,,,,1746,8,92,
6575173808,狮子王蔡徐坤麻麻,女,其他,,,,17337,186,474,
5886500462,方泽深v,女,吉林,,,,98,2632,4884,
5355295871,O3O黑雪,女,黑龙江 哈尔滨,,,,79,162,214,优秀不够，你是否无可替代
7093502733,帮你变成小蛮腰7,女,山东,,,,8,147,1945,好身材 唯心 kkjf81
6852775347,山崎敢浑_axqw,男,浙江,,,,0,108,4958,有些人，不认识他时总是擦肩而过，认识他后总感觉他无处不在
3285540115,芒果味的蔡蔡wo喜欢,男,辽宁 沈阳,,,,2550,167,1716,KUN&amp;IKUNisforever【互粉】
2871034474,li丽kun毛葵,男,广东 佛山,,,,2953,128,591,是ikun呀
2618791451,小菜7号长腿,男,浙江 杭州,,,,2245,165,791,底线蔡徐坤【互粉】
1849245092,葵葵莫停YQJY,女,江苏 泰州,,,,2227,95,650,大宝贝葵葵的妈咪【互粉】
6643813483,景ku_mandy,男,广东,,,,4,130,3531,
1955901042,李风北京licca李风,男,北京 海淀区,,,,403,467,4559,
6137686451,逑绝精_ey,男,广东,,,,117,167,2843,
6074658704,白白白白白白白exlex,女,宁夏,,,,6497,223,4652,爱，不是寻找一个完美的人，而是学会用完美的眼光欣赏那个不完美的人。
6517824988,思元371656517824988,女,海外 英国,,,,4,70,1992,
2964054544,Seventhsilence-,女,北京,,,,612,185,2520,威信 Axinyu147  歌瑞森无钢圈内衣给你最舒适的感觉，使你身材好更诱惑
5975187105,植发植眉,女,广东 广州,,,,378,10604,1425,咨询+V：18933916311 广州深圳专业种发植发医院！种眉毛睫毛发际线，治疗秃顶谢顶地中海头皮疤痕，毛发种植移植培训！
6105819183,勇GZY,男,其他,,,,2,51,147,
2699035314,小不点是我的汪,女,广东 佛山,,,,77,159,579,💕mm工作室私服➕V：q18870141610
1961929303,哥要的幸福搜狗搜不到,男,湖南 长沙,,,,26267,188,4734,
5373730992,演谁像谁谁演谁谁就像谁国际范,女,广东 东莞,,,,455,26,192,
2382095973,文艺与风趣,男,四川,,,,99,75,504,上天下地，人生如戏。三教九流，各尽风头！
3275147971,秋天秋瑟冠遥,女,江苏 宿迁,,,,116,264,4898,
5449716296,柠檬不讨喜,女,黑龙江 哈尔滨,,,,42,82,201,“懂你的人不言而喻 不懂你的人百口莫辩” 
5896850983,天池美容美体工作室,女,黑龙江 哈尔滨,,,,2,4,4,咖啡灌肠调理便秘，肥胖，糖尿病，心脑血管等52种常见疾病及美容功效。
6067995561,蔡徐坤纯粉站,女,湖南 怀化,,,,7787,119442,159,心尖挚爱蔡徐坤
5544888154,家养为为辞,女,其他,,,,2787,87,370,就破画画的，好写作的一只小爱困٩( ö̆ ) و
3319077882,Gemini_XY_61,女,湖北 武汉,,,,40631,585,3738,愿你此生不再漂泊，想要的都拥有，得不到的都释怀。
6692499506,林雅琴586,男,北京,,,,1,13,1583,
6589681470,劫月15613,女,其他,,,,117,10,97,
6487944693,小奶葵愛糖寶,女,其他,,,,2,8,113,心之所向蔡徐坤&quot;♡&quot;
5660550147,但愿世界没有黑粉,女,其他,,,,559,188,673,不负我爱的人和爱我的人
6611308697,gengzhuiting7,男,湖南,,,,8,65,4866,
6428709118,八月KUN曲,女,其他,,,,2322,263,5027,知名娱乐博主 蔡徐坤超话粉丝大咖
2299300381,visit天鹅t2z,女,甘肃 白银,,,,51284,317,4693,
5258503297,魅力女人爱穿搭,男,广东,,,,54755,19307,3543,精选淘宝女装，特价、爆款！欢迎姐妹们多多推荐哦！好东东要大家分享！
5091578752,lavendes紫,女,湖北 黄冈,,,,322,161,818,
6195134030,上官苍斌,男,青海,,,,436,185,4919,丧失人格的诗人比没有诗才而硬要写诗的人更可鄙，更低劣，更有罪。
6158234729,菜咘咘,男,其他,,,,1194,21,874,
6574135119,一只红猪出墙来,女,其他,,,,13851,152,1021,没有别的想法   只想放纵一下
6765738661,梵音0802,女,其他,,,,75,2,123,
6032709179,ikunn1,女,山东,,,,1225,307,1367,披金成王，伴坤远航！
6471112467,才旺秋尊8888,女,黑龙江,,,,19680,510,579,自爱 自强
5514901616,5号的葵葵,女,云南 大理,,,,404,202,201,他说要善良
7103154800,KUN小王子,女,其他,,,,429,41,239,
6148822326,黯淡思议苍白俊,女,四川 眉山,,,,332,45,4886,
6681054704,七七FreakTwenty,女,其他,,,,4972,73,566,和我的小玫瑰一起努力绽放
2401576022,菜菜真香啊,女,广东,,,,1474,207,181,
6537557440,Gemini_61,男,其他,,,,20798,450,2601,我贪念的人间烟火 不偏不倚  恰好是你
6131116454,凛冬来相見,女,其他,,,,13431,225,1293,我要融化了
2669012691,暖心安桥,女,广东 广州,,,,21,239,352,孤独老白菜
6074354602,2aB4k纯丑,男,新疆 石河子,,,,6362,293,4875,希望你爱的人都比我爱你 希望我爱的人再也不会像你。
6874750714,kunkunmamama,男,其他,,,,6777,84,111,猪咪正牌妈咪
6819062352,双梦伊,女,江西,,,,3,93,275,底线蔡徐坤
1281946895,拿一血,男,北京,,,,20198,122,4906,
6183065852,彧子规,女,福建 厦门,,,,1866,235,1855,做好准备的人，一定会得到一颗糖。
6190162173,上官华岳,男,吉林,,,,647,193,4657,积德为产业，强胜于美宅良田。
1079060371,无语阳光的明媚世界_706,女,其他,,,,26556,178,4780,
5977638946,抹茶猪猪猪猪奶茶,男,其他,,,,6896,83,643,谨言慎行
7330076027,用户7330076027,女,浙江 绍兴,,,,106,2,94,
7040289367,伊钠坝次霸281,男,广东,,,,0,33,4924,
5989569259,uL81r-啦啦队xxr,男,甘肃,,,,1,9,3956,
3974864933,穿衣巧爆款搭,女,香港,,,,96624,656,2709,
6087909354,Aqchidoo-,女,浙江 杭州,,,,35,113,347,一个超级美的人
5514651065,禾火i_i,女,其他,,,,306,115,457,Better at seventy
6528251903,802号量贩日志,女,其他,,,,2890,80,290,KUN&amp;IKUN
6890158475,郧伪步嘉忍987,女,天津 河西区,,,,0,99,4760,
5148685042,阿酒呀11,女,江苏,,,,165,185,3634,店主Vx：3455540154
6589926624,用户0529103459,男,北京,,,,11,64,3234,
2892820193,河囿故宫卖红苕,男,辽宁,,,,306,69,1532,
6330195246,潮品集中营461,女,北京 朝阳区,,,,123,129,2013,Yeezy全系列 购鞋WeChat：ouyesi666
6589974647,用户0537469027,男,北京 东城区,,,,9,71,3168,
3982638023,kitty小花维,女,安徽,,,,13133,415,2064,
6222077618,小傻子狸,女,其他,,,,73,9,92,
6259877837,76号头号特务,女,上海,,,,113,17,12,来不及 不是tjx
5903932776,包治百病系列77,女,北京,,,,501,10165,9653,请➕WeChat: Ellie8509 七年代购品质！ 所见即所得！更多详情款式尽在威信朋友圈！
1010584512,QG的猪小妹,女,北京 朝阳区,,,,229,283,385,就算最后一定会落下，也要记得起跳时的开心。
5982999466,人间杂食畅mm,女,浙江 湖州,,,,889,230,185,
5994803487,Paduora1520,女,陕西,,,,152,2572,3658,
7202165889,kLX69-感性认ock,女,山西,,,,7,47,4181,
2250990433,松花皮皮,女,其他,,,,2,52,519,是皮皮不是蛋蛋
5214069879,小方小方遇事不慌-,女,其他,,,,154,17,153,ʜᴀ͟ᴘ͟ᴘ͟ʏ ᴇᴠᴇʀʏᴅᴀʏ̆̈
3938944276,小毬子,女,北京 昌平区,,,,1638,198,471,.
7409642768,用户7409642768,女,贵州,,,,0,2,4445,
7370411197,再未x做因南_n,女,湖南,,,,13,120,1772,
7374612586,秦汉的小家,男,其他,,,,3,25,509,不懂就问
3960533472,Muscle19Ch1N99,男,上海,,,,284,110,572,微博认证：说唱歌手
6989149627,山金真的不是颜狗_,女,其他,,,,1047,71,767,永无固定圈的5G冲浪快乐吃瓜群众
5612355197,OrigStudio定制,女,海外,,,,230,6416,1032,➕Aseven_88888福利天天见朋友圈九年工厂店
6074348360,锐恒谡,女,北京,,,,5811,199,4838,在所有不被想起的快乐里我最喜欢你
1985323154,子蛋1,男,广东,,,,384,48,2745,
6017341046,kkk是葵葵鸭,女,四川,,,,2,18,167,无论过多久 你不用回头 我在你身后 比春天温柔
6662716941,菜菜的IKUN-,女,其他,,,,40,81,121,蔡徐坤
2702462273,·池困奈美·,女,广东 广州,,,,3842,6155,234,为蔡徐坤而来
6474798178,羊洋洋ya,女,辽宁 沈阳,,,,604,750,362,♛喜欢蔡徐坤，始于颜值，陷于才华   {ikun}
6378880322,圣女亲爱的自己,男,其他,,,,0,16,263,
6366428395,用户6366428395,男,其他,,,,0,1,209,
6244060786,用户6244060786,女,其他,,,,11,1,3,
5763103432,在下李开开,男,北京,,,,148,109,218,一个正儿八经的乖弱受
6708421840,用户6708421840,女,山西,,,,4,37,3754,
7224644689,潮品搭配秀5191,女,北京,,,,513,47,3879,
3021881635,小魏魏局长,女,吉林 长春,,,,35,159,167,小魏魏局长👧🏻走路带风🏃💨也是一颗浪卤蛋
5967588251,八2悖论,女,江苏,,,,3983,441,687,想要成为一个可以照亮你前路的⭐星灯
6179118180,围脖上的阿东工作室,男,贵州,,,,260,35,2854,
6002565760,V_onee,男,上海,,,,24,2104,80,Love Ed until seventy
7305013922,西北环线旅游小冶哥,男,青海 西宁,,,,330,47,4900,☎️小冶哥电话13109755651
1048134783,松仁豆沙_209,女,内蒙古 呼和浩特,,,,22609,138,4871,
5108610343,是缌旖了呀,女,上海,,,,111,2086,215,可爱又迷人的反派角色
3168372770,一智羊·,女,上海,,,,782,504,679,喜欢所有美好的事物 包括你
5990173941,gUq02-绝大部nut,男,山西,,,,0,28,3271,
7039648475,沾及悍遣琶779,女,辽宁 鞍山,,,,0,34,4621,
5822885846,1爹Rebirth,女,其他,,,,916,282,180,我的心在小鹿乱撞
6209790663,6该用户已不存在,女,北京,,,,2004,66,247,/ web/
2955823640,来吃青菜啊,女,海外,,,,117,550,144,底层摄影师 约拍看置顶
3083356614,禾蔚蔚蔚,女,四川,,,,1342,253,569,💚
6554006505,博肖的宝贝琑儿,女,上海 长宁区,,,,155,189,197,热爱可抵岁月漫长
6498441235,妍姝啦,女,上海,,,,1843,843,363,只喜欢王一博 偶尔产出
7076337334,业埠凹腿沽229,女,江西,,,,78,28,1691,
7202203804,Izn7K-社会工vvc,女,海南,,,,7,42,1843,
5894094776,碧若央末,女,广东 广州,,,,43,379,4945,
5989248691,Rjapa-心惊肉yrg,男,河南 洛阳,,,,14,65,3949,
5972019735,D2neO-嫁狗随vae,男,上海,,,,10,42,3179,
6537906686,透妹是小猪,女,北京,,,,30957,314,1379,喜欢帅哥
6601760690,2-钮钴禄·AK,女,黑龙江,,,,2348,148,395,
2636639725,奇奇_dake,女,上海,,,,1985,417,603, 
1778329255,18岁的刚捷Nicole,女,重庆 彭水苗族土家族自治县,,,,6955,437,4962,
1583938692,宝贝嘉实,女,安徽 铜陵,,,,4324,512,1234,
1583121453,大叔控_飞光,男,安徽 六安,,,,4322,386,2457,
2805259454,公馆外村美玲,男,其他,,,,4658,275,4915,
2919711642,2U精分奇葩饭昊然1995,男,其他,,,,4199,279,2083,
1584064104,小宝宝浩言,男,安徽 亳州,,,,2543,384,300,
1589686770,在江湖cosmopolitan,女,上海,,,,6938,406,4927,
2920157932,倔强的谢伊米1983,女,其他,,,,4276,407,1234,
2920415510,哈喽奇犽1980,男,其他,,,,7630,337,4945,
2919799754,coolboy鲁飞1987,男,其他,,,,4195,372,2475,
3043658692,李生葵的围脖,男,其他,,,,3704,192,1240,
1777471694,18岁的俊捷butterfly,女,浙江 台州,,,,4220,462,1234,
2789857120,1790599021芳蔼,男,其他,,,,4422,276,299,
2920530160,地盘古泉一树1987,女,其他,,,,8010,442,4926,
3045411050,郦建明1987,女,其他,,,,2849,181,2471,
2803729604,V5娑萝,男,其他,,,,4555,369,4653,
3043665180,权娜娜521,女,其他,,,,3643,237,1237,
2803182212,coolgirl傲决,男,其他,,,,8109,344,4910,
2920561822,地盘拜勒岗1980,男,其他,,,,4328,267,2422,
1583074153,大侠颖馨,男,江苏 连云港,,,,7079,311,4633,
2810607850,大女人伊莉,男,其他,,,,4331,321,2479,
6109562315,妞拒绝爱,女,山东 淄博,,,,0,19,84,
2240460394,Cindy-小蛮,女,海外 马来西亚,,,,477,250,406,
7003689909,木木木慕慕688,女,内蒙古 阿拉善盟,,,,1881,100,351,
6605147337,用户小虫虫虫虫,女,山东,,,,1846,194,157,kun&amp;ikun♥️
6348377231,菊花泣血,女,山东,,,,580,203,391,
7276463016,我还木有秃,女,黑龙江,,,,1200,77,117,
5826013266,Catching_K,女,山西,,,,425,77,136,唯你
2128787901,静心听琴品人生,女,其他,,,,1570,507,887,用勇气去接触生命中的每一个真实的发生！
6474576196,菜菜也喜欢听相声,女,其他,,,,6196,87,92,
6347181983,生命如歌英子,女,四川 成都,,,,338,84,126,
6923049212,弦么祭味么310,男,浙江 温州,,,,0,41,3422,
6505846123,随意起的名字可以用,女,广东,,,,534,212,234,
6460657803,是蔡徐坤的cooky,女,其他,,,,10748,249,560,我会奋不顾身的拥抱 因为是你
6923118654,难以c_h_o_i_c_e_,女,甘肃 白银,,,,3,67,4459,我非你杯茶
7040101920,次甲凳市凰052,男,福建 莆田,,,,0,47,4920,
6622536320,带小葵看星星,女,贵州 遵义,,,,1162,142,274,✨ 徐坤超甜✨
2473223860,小水珠YOYO,女,上海 闵行区,,,,11546,364,383,追星博！蔡徐坤是我的本命～
7312381486,小小葵花zai,女,广东,,,,2551,43,85,
7456416399,xie览em,女,甘肃,,,,1,20,4918,
7411527114,心未眠丶darlingBU,女,内蒙古,,,,45,1,125,
6896952392,莉莉千梦,女,山东 济南,,,,1789,123,378,永远爱你
6232549202,凌0617,女,北京,,,,4335,383,518,陪着一个叫蔡徐坤的优秀男孩长大
6575382605,吾七0,女,湖南 长沙,,,,1253,57,165,你现在所经历的磨难，未来都会成为你的下酒菜
1801270387,EndNov,男,海外,,,,10605,458,1047,坐远点，吸口仙气得了。神仙听不到凡人BB
1824548433,忘卻de曾經,男,其他,,,,5248,239,193,唯爱我坤
5393028379,三岁的猫叭,女,安徽 合肥,,,,8619,109,226,
6895103112,凤玲珑的故事,男,其他,,,,4879,156,486,
6477975889,QYR·802,女,其他,,,,2723,174,394,爱不与猜忌同生
7293523020,Yp将晚8_vY,女,黑龙江,,,,16,3,94,
6929759067,小玫瑰就是爱音乐,女,上海,,,,9594,155,591,远赴人间惊鸿宴，一睹人间盛世颜
6289122899,小坤儿wk,女,山西 大同,,,,794,87,140,四点小耗子
6525483543,Sunshine七秒记忆的鱼,女,重庆,,,,3500,95,231,爱做白日梦的蜗牛
7279389624,幽小灵yyyy,男,海南 三亚,,,,1555,763,416,开心便可~别改变我！
6554792910,一个叫阿稚的ikun,女,其他,,,,993,40,152,
6084132174,安妮开心罐头,女,四川,,,,15188,277,554,粗人 好色
3122564202,_爱不与猜忌为生,女,海外,,,,9528,263,601,无条件信任，你开心就足够。
5663887246,不娶何耽T_T,女,福建 泉州,,,,17383,196,163,纯粉 讨厌各种cp
3477730300,SAOA111,女,其他,,,,1238,117,71,🤬🤬
6556916674,很愛睏,男,其他,,,,5005,259,120,因蔡徐坤而来
3866819060,储蓄卡家的Eattea,女,其他,,,,10850,284,476,少年，我喜欢你，像风走了八万里，不问归期。@蔡徐坤
6329847202,写童谣去没人的岛摸鲨鱼的脚,女,重庆,,,,3239,137,499,蔡徐坤是我的宝贝谁都不能欺负
1839265283,·甜葵啵啵·,女,江苏 南京,,,,20274,669,282,蔡徐坤外貌协会终生会员
6965821512,吃丶肉肉的健,女,福建,,,,408,43,191,
7312695419,十特嘻嘻82号,男,北京 东城区,,,,940,28,91,
7333596118,用户7333596118,女,内蒙古 包头,,,,1,8,675,
7324227506,Play_a_long_game,女,北京,,,,1137,115,94,1312
5090371143,KUN_晏x,女,江西 宜春,,,,13299,330,254,静守己心
6516502871,蔡小葵的小锦鲤,女,其他,,,,11162,754,566,
6598072442,琼琼97998,女,湖北,,,,2839,205,180,ikun小h
6681751468,爱Kun67340,女,其他,,,,1048,122,92,kun积分号
6549180247,华坤俊雨201805,女,湖北,,,,6532,397,373,
6689547452,希望小坤长得胖胖的,女,海外,,,,3493,90,443,
6560853149,凉凉的夏天lily,女,宁夏,,,,436,56,148,
5719238757,一口一个坤子哥,女,其他,,,,7423,151,366,你是我贫瘠土地上唯一的玫瑰@蔡徐坤
5860442435,抓住一只大牙套,女,江苏,,,,8501,176,238,对你没有要求 只希望你永远快乐自由
7299553756,用户7299553756,男,河北,,,,298,52,194,
6984784935,HTG蔡小葵,女,海外,,,,1351,86,116,花花世界 静守己心
6273300250,塞巴斯蒂安葵恩,女,北京 朝阳区,,,,5228,164,663,小猪下凡  美貌鲨人
6968969674,蔡蔡的汤汤,女,江苏,,,,547,42,116,kun&amp;ikun
7312688069,妖妖7205,男,湖北,,,,2087,76,112,
6594063707,妖儿1205,女,湖北,,,,16172,182,328,玩微博只为儿子蔡徐坤
6116619470,光年之外hao,女,北京,,,,9589,711,734,蔡徐坤粉丝IKUN
6192253508,超喜欢cxk啦,女,江苏,,,,5987,313,517,准备考研了! 在线时间会变少! 😘
6816809614,地平线菜菜4,女,其他,,,,162,38,95,
6019532424,SIliMuyu,女,海外 英国,,,,5017,136,492,
6530428467,凡尘追星,女,海外 其他,,,,25304,272,592,无条件爱你
6900235830,浩浩楠子,女,天津,,,,1837,88,454,蔡徐坤粉丝IKUN
6228996113,爱葵葵k,女,吉林 长春,,,,961,104,106,唯爱坤子哥，一定会越来越好的！
6901256861,爱吃菜de小猫咪,女,四川,,,,6670,228,477,
3739834537,色彩妮妮的屋,女,其他,,,,2818,249,525,
6346272224,失词与橘,女,广东,,,,995,309,242,学艺先做人
6030901173,小菜小菜酷拽狂帅,女,四川,,,,9887,679,281,小朋友你真的很棒哦
6822963795,葵宝的小菜园,男,其他,,,,1181,31,364,
5234479925,_Single_JZ仙咏,女,其他,,,,20,705,1108,
6543218899,是一颗小甜豆鸭,女,福建,,,,937,1620,372,一定要全力以赴的开心.
6620171280,葵葵的小鱼干儿,女,河南,,,,13,99,488,🦁 Kun&amp;ikun🐱
7375730481,kun家小可爱,男,其他,,,,74,3,35,
7058639271,此人系疯子8943,女,山西,,,,65,33,3414,
6924826517,__________A萱,男,吉林 辽源,,,,3,74,3733,南风知我意
6869635005,奎葵好多痣,女,海外,,,,1068,133,263,KUN&amp;IKUN❤️
7324558170,小范小范乖乖恰饭,女,其他,,,,0,2,16,
7040173495,烙缘肛季址860,男,黑龙江,,,,0,45,4797,
6093368189,爱笑的芯怡_,女,浙江 温州,,,,735,146,189,披金成王，伴坤远航💛
5963989188,你是风我是云198612,女,浙江 台州,,,,260,25,59,蔡徐坤💛
6587233488,菜菜超好吃,女,广东,,,,2390,154,262,“Hard To Get”is out now！
6660070716,闲得无聊逛一逛,女,四川,,,,1991,159,274,蔡徐坤妈妈粉一枚，谁对我崽不好，我就对谁不好
6622395790,August0602,女,其他,,,,3501,95,313,
7245699554,狮子你是不是也会困,男,北京,,,,2341,77,349,2020
7277189014,wune-易胜博波兰超瑞士超联赛515,男,其他,,,,4,33,3251,能离开的都是废品 能抢走的都是垃圾
7331016347,葵葵要吃肉,女,其他,,,,9,3,41,
6691263860,朝着希望走来,男,其他,,,,1599,148,413,不再会把时间浪费在虚假的人或事
6489041050,是小小朋友呐,女,北京,,,,16527,513,261,你像丘比特赐予我的首选💋
3204713113,ikun的彤,女,广西 南宁,,,,6551,258,894,蔡徐坤
7204386571,娜娜酱KUN,女,北京,,,,56,9,119,
6791011271,蔡先生的可爱小姐姐,男,江苏,,,,1061,76,327,
6567432656,夏天的菜心,女,上海,,,,12308,143,835,只专注这个小孩
6615514647,奎小葵的储蓄卡,女,江西,,,,5380,51,337,
1967149003,咕咚一口乌冬面,女,海外,,,,7907,1149,462,陪伴是最长情的告白。
6784316653,欣喜思量_单恋,女,安徽,,,,274,17,151,
5242168886,哒伶哒伶,女,重庆,,,,11284,413,655,ＫＵＮ
6719952315,坤Augustwei爱,女,江苏 南京,,,,966,86,125,ikun
6940101880,乃乃00834,男,其他,,,,926,38,66,
6924815170,扬城旅摄201903,女,台湾,,,,3,66,4903,笑一笑 感觉会很好
5030822093,Lancy_Kun,女,其他,,,,423,159,679,ღ_我比流言蜚语更早认识你_ღ
6639097265,ikun苍月月,女,福建,,,,2044,196,187,只和ikun互粉呀！！！
5907983151,火凤喵_Kun,女,江苏,,,,3121,265,176,=。 =
2627713262,路过不走啦,女,湖南,,,,2628,195,196,ikun
2998644231,坤坤快乐的小尾巴,女,西藏,,,,1933,127,149,
6737502021,你愛蔡徐坤嗎,男,台湾,,,,2400,154,183,
6577587526,caizicaixukun,女,广西,,,,687,368,221,原本只想做过客一个，却为找寻他（kun）的痕迹，离他更近些，而不愿只是一个过客，想和他一起长大，追梦。
7041294584,着翰材澳侍446,男,湖南,,,,0,32,4896,
6524679501,爱发呆的琦儿,女,广东 珠海,,,,1216,217,195,KUN&amp;IKUN 花花世界 静守己心
7292457642,是旺仔葵葵吖,女,其他,,,,1,2,145,花花世界，静守己心
5229313742,软软的露娜,女,浙江,,,,31,153,99,
7283520674,葵葵吃鱼不卡刺,女,广西 玉林,,,,85,30,87,小透明的小平凡的小少年
7284598436,咩小咩4号选手,女,云南,,,,2737,528,127,在用，不要重复来，谢谢
7314693596,Lu可草1,女,辽宁,,,,13,3,77,
6590605444,月白AKUN,女,其他,,,,994,53,415,学生     毒舌      喜欢蔡徐坤 KUN&amp;IKUN
5672685534,殘憶357,男,山东,,,,38,20,138,
7156701573,wendyandax-Ni,女,浙江,,,,0,18,2315,添加威信号：tianqu8，淘宝天猫优惠券查询，24小时全自助服务
6074644320,旧月pdd拾事,男,宁夏,,,,6331,250,4449,你的留言板上全是她我认输好不好我退出好不好
6073846972,丿鬼公子,女,北京,,,,606,136,4833,亲善产生幸福，文明带来和谐。
6357828838,超哥游方侃球,男,北京,,,,787,10534,1510,
6222509107,杯不方小一uacai,女,广东,,,,792,1545,4668,⑥年精品老店，备注微博优先通过，引流利器值得拥有
1393078401,吉祥瑜燕,女,山东 济南,,,,4646,209,433,你好好成长，我好好爱你
6972944683,KUN陪着你,女,四川,,,,817,47,76,爱你直到地老天荒
6478560561,泥巴里的小香菇,女,四川,,,,9488,102,309,
3860988660,软酱嘎吱,女,其他,,,,1181,77,99,这个微博不咋用。
6319002335,野酌劝芳酒·K,女,河南 许昌,,,,5079,62,428,没走，滚去学校了
5718776553,陈旋635,女,江苏 苏州,,,,845,6486,4253,
6522612508,爱吹牛4688,女,安徽 宣城,,,,939,176,223,储蓄卡的轮博女工罢辽
6563198270,Mrkun802,男,其他,,,,5304,215,256,小朋友加油
6545380315,爱探险的单于希慕,女,其他,,,,1466,139,135,陪你花路闯远方 @蔡徐坤
6536044323,babyboyCXK,男,广东,,,,158,59,81,属于你一个人盛大的舞台，ikun给你。小狮子🦁️
7380449877,上情y家去连,女,湖南,,,,12,53,1282,
7285155576,Nz界过6_tY,女,山东,,,,5,28,2569,
6195291323,黄良刀,女,福建,,,,695,177,4618,生活的道路一旦选定，就要勇敢地走到底，决不回头。--左拉
3963161753,男装潮流季搭配日志V,女,台湾,,,,109562,684,4922,【 高端服饰 女装微信 ：xiaom337 男装微信：v555677 】
7285355779,柯柯是个小ku包,女,江苏,,,,24,28,4175,@易烊千玺💕
6924849083,你别过来我超凶,男,香港,,,,9,84,3675,你在哪里呢
6923110900,潇湘雨w_y_n_g_t_,男,西藏,,,,3,71,4485,微信 娜。可发国外。
7076424484,斩捎藤凹伎115,女,浙江,,,,66,22,628,
6462725347,用户6079061974_14808,男,北京,,,,747,77,289,自家农场散养土鸡，纯粮喂养，承诺无饲料喂养，绝无激素，抗生素，全国接单，包邮到家，+V芯：nongcuntujidan6688
6654065615,用户6654065615,男,其他,,,,2,48,1796,
6662961191,清樽独醉_daozhaof,男,天津,,,,0,2,74,
5214302002,兒兒兒666振冻,女,内蒙古 乌海,,,,1305,1210,4732,
5721798865,有点困--,女,广东,,,,3108,103,1443,哦
2181447641,草莓味的初夏IKUN,女,重庆 渝北区,,,,533,750,289,我不是在追星，我只是在陪我喜欢的男孩子长大
5963358755,安琪伊人在水一方789,女,广西 桂林,,,,8383,143,291,
6247743842,蔡小葵的葵葵呀,女,其他,,,,7462,151,464,
7116018479,葵葵葵吖,女,浙江,,,,138,17,193,
6444435456,紫色的彩虹豆lK,女,浙江,,,,5239,88,663,永远守护！
5261156209,来自八月的月光,女,浙江 杭州,,,,7372,335,727,陪伴你！
2240079881,艳绯色,女,北京 海淀区,,,,51850,919,686,葵葵亲亲麻麻🍭🍬😘
7203235483,老蔡头今天上线了吗,女,其他,,,,430,77,240,KUN
6522043594,M蔡小葵M,女,安徽,,,,4577,53,443,看见了光。
7225648576,蔡小葵的小猪迷,女,其他,,,,57,7,144,
1978983342,豬咪坤子,女,上海,,,,10714,299,912,起死回生後愛上蔡徐坤變成了貓
6577698338,蓝天下的我90605,女,其他,,,,6473,135,379,
5569111675,光的存在IKUN,女,江苏,,,,4132,675,4755,要努力变优秀才能当好你的IKUN
2775654317,chunfeng80021998,女,江苏 无锡,,,,3042,91,319,
6576894581,黄柠檬5488,女,四川,,,,10,5,13,不管前方有多艰辛 都要一直喜欢你
6643858133,哼哼等着一切,男,其他,,,,86,101,396,军人就有一个军人的样！
6763673864,恩59551,女,其他,,,,323,37,263,
6130553109,lammooa,女,广东 广州,,,,5847,638,1288,
7323013517,葵坤奎,女,江西,,,,1186,55,314,ALL FOR MUSIC   ALL FOR KUN
7301437218,菜菜保鲜,男,其他,,,,1206,15,101,
6809973681,时光机我想见kun,女,北京,,,,2889,99,254,一个很繁华的城市，当中一个很寂寞的身影
6896420249,2HYoTb,男,其他,,,,900,41,254,
2846048854,gogo郁郁小妖,女,上海,,,,2010,155,173,私奔去赛班
3789354574,宝贝冬冬666,女,其他,,,,7589,144,394,
7081664517,猪猪男孩坤鸭,男,其他,,,,448,9,212,
5997341346,zqIKUN样,女,重庆,,,,2450,118,499,follow KUN
7296625210,蔡蔡举世无双,女,其他,,,,69,24,158,
6722669824,蓝色飞扬81145,女,其他,,,,1520,182,164,小号，哪次好久不更了，就是忘记密码了
6676561886,兰花674278,男,其他,,,,2769,21,158,
5997617203,ikun中的秃头女孩,女,广东 惠州,,,,684,85,392,信仰❤
6195145046,ikun阿姨一枚,女,北京,,,,1440,149,318,努力走自己想走的路 ，加油💪💪
6606056689,SSSlaiang沙鸥49013,男,其他,,,,383,119,237,
6638845715,MM的小葵花,女,其他,,,,208,227,46,坚持真理的人是伟大的。
6792296271,小葵花养护员,女,广东 广州,,,,18177,196,538,愿你健康自由快乐
2746344501,YQ风子,男,浙江,,,,142,151,3376,
6884467313,寡欢_etnloa,女,广东 东莞,,,,4,6,4752,
7040275704,雍事淮贪狗589,女,甘肃,,,,0,30,3422,
5454105402,用户5454105402,男,其他,,,,482,65,175,
5131056286,比特币女超人,女,海外,,,,20651,2411,3445,学穿衣搭配，品时尚潮流，交流搭配知识——你身边的女装时尚博主！
6888545502,泠馨丶Xurine,女,重庆,,,,2,118,1752,
7202757561,n5RT5-独辟蹊tgw,女,北京,,,,6,30,2626,
7209675951,mzr8u-诱敌深ymc,男,辽宁,,,,2,34,2966,
7341014018,是你的小橘子3,女,青海,,,,22,1037,2413,v: an333xixi
6749343871,小一一一一一一一一一卡,女,其他,,,,314,2,69,
7226680460,糖果味小仙女25828,女,其他,,,,29,5,113,山外青山楼外楼，我的少年百分九
5455618225,律师微博,男,北京 朝阳区,,,,4056,385,1003,静守己心…
6811585295,用户6811585295,男,其他,,,,2032,99,126,
6562118415,用户6562118415,女,江苏,,,,635,22,251,
5284095522,君子有九思mfx,女,其他,,,,2271,159,375,
6835025178,82号猪咪小葵,男,江苏,,,,1602,15,175,🦁
6559203183,初粉唯你,女,其他,,,,2295,108,674,
6603800445,danieccy,女,辽宁,,,,0,16,113,你很难再遇到像，我这么可爱又有趣的人诶 ～♡
7314581310,3号月亮ikun,女,辽宁,,,,127,45,200,
7225732792,七月喜安八月暖,女,浙江,,,,2346,77,44,
6190166296,岳良康,男,甘肃,,,,537,181,2710,应该相信，自己是生活的战胜者。
5038129500,笛笛ak,女,广东 深圳,,,,5450,102,179,加油
6187201860,鲁森霜,女,福建,,,,700,171,3733,最高贵的复仇是宽容。
5666850126,负氢氧根离子,女,湖南,,,,3156,267,424,蔡徐坤枕边人
6017384566,就是稀罕蔡小葵,女,其他,,,,1517,61,124,是ikun呀！
2604228192,制服诱惑猫_183,男,广西 南宁,,,,22826,189,4622,淡定
2850773864,神来之笔大本营_841,女,河南 郑州,,,,25507,170,3988,
2960350441,独孤升云,女,湖南 株洲,,,,21,87,204,
3205097522,最篮球迷,男,北京 西城区,,,,1554,226170,14979,知名篮球资讯博主！
6718183638,哒哒小小kui,男,其他,,,,735,90,127,
7300793908,只想给坤金海802,女,河北,,,,327,99,421,
1111678824,用户ltw8qfoo5l,女,江苏,,,,1962,78,410,
2290973964,odet2011,女,上海,,,,6514,312,1193, 
5189843960,小菜猪咪,女,香港 其他,,,,760,94,184,会一直陪着你（陪你长大）
6480656624,Chinaikun,女,贵州 贵阳,,,,505,67,263,ikun 等待与kun的相遇
6601866304,Luuuuuuuu_k,女,其他,,,,1724,87,121,
2020710153,Luuu_wait,女,其他,,,,1579,87,120,
1377448687,特别的你你你呀,女,其他,,,,26220,732,667,保护这个男孩
6102910398,正太控的葵王2333,女,北京 大兴区,,,,4713,247,397,欣赏狮子座的王者霸气范
7006277989,万阿-富,男,湖南,,,,328,116,111,
7006278377,尘埃戏丶子,男,广东,,,,329,108,109,
6981141975,k昱un,女,安徽 安庆,,,,8706,266,703,花花世界，静守己心
6676012063,我家的小奶茶,女,吉林 通化,,,,1636,141,295,
6086236019,奎葵莫愁,女,其他,,,,15631,483,932,KUN&amp;IKUN莫愁喜欢蔡徐坤一人
5428460010,爱困的小猫咪82,女,福建 福州,,,,921,149,157,
6524124751,KK的猫咪哦,女,黑龙江 佳木斯,,,,1051,188,534,kun&amp;ikun
7301397666,养个小白菜,女,贵州,,,,129,43,76,唯坤 养号 互关
6839002588,贪恋惠_lmbw,男,广西,,,,1025,28,74,
6331204133,心有所坤啊,女,湖北 鄂州,,,,1018,52,272,永远爱坤
6839094479,激昂极_qvcx,男,云南,,,,186,18,134,
6626415304,SmileandVivian2018,女,其他,,,,5414,195,387,
3713482021,小葵葵的臭妈咪,女,其他,,,,461,36,127,
5966827924,蔡小葵的俊渣,女,重庆,,,,692,59,66,
6406592045,芒果爱滑冰,女,北京,,,,21315,162,171,只爱坤
5935412351,Sagittarius_晴晴,女,海外,,,,1040,134,181,花花世界，静守已心 🌸
6295627602,Hxclk,女,福建,,,,18473,390,771,你的光芒照亮了很多人，请尽情发光！
5973319047,八月骑士K,女,广东,,,,6761,237,630,追最亮的星
6585504054,抓不住的白羽,女,江西,,,,2815,177,542,第一场雪
6079565845,喜欢蔡徐坤的洛闲歌,女,山东 济南,,,,5814,351,1137,你的眼眸是我永久的居所
6331491308,琳玥一点都不困,女,浙江,,,,20408,547,678,蔡徐坤的梦想粉！
7239094773,今天也爱小困困,女,其他,,,,7870,170,1940,少说话，多办事，好好保护他
6607899007,ikun訫訫,女,其他,,,,2473,95,682,
5782663903,衍铭妈妈,女,山东 淄博,,,,13,5,24,女人遇钢则柔，遇柔则钢。
3195597934,Mister-LiuLiu,男,黑龙江,,,,301,125,164,喜欢问题解决后的快感
5138581344,雪莉宝贝小甜甜,女,其他,,,,46242,1348,1095,爱上一块腹肌的坤❤️ZDBC
7246794020,加油哦0802,女,其他,,,,0,2,13,
6858782097,MANGO味的KUN,女,其他,,,,5961,115,778,音乐的路上，我陪你一起走
6242953198,尘博伯宙uvzz,男,辽宁,,,,317,24,245,
6519865993,BoyFriend是kun啊,女,其他,,,,4368,250,220,野生IKUN一枚......这是一个轮博 控评 打榜 投票的数据博.里面什么都没有 只有蔡徐坤的数据.....
7112086432,用户7112086432,女,其他,,,,9,5,178,
5532556209,葵的微笑5532556209,女,其他,,,,322,26,304,
7160641656,不要可以吗19857,女,其他,,,,981,21,84,
6284034593,葵葵宝贝儿欣欣,女,广东,,,,1846,111,235,kun&amp;ikun
6786452930,KUN困困困困困困,女,江苏,,,,3617,740,418,一个超爱小困的人的小耗子
5945677884,熊小niu要坚强,男,陕西 宝鸡,,,,109,46,346,
5941332152,蛋蛋今天也喜欢K,女,辽宁,,,,74,17,313,未曾谋面的也终会相遇
5945953651,陌路浅酌公寓,男,黑龙江 七台河,,,,128,45,356,
5945300500,M喽小妖的幸福时光,男,青海,,,,106,117,379,
6694470149,Sakura酱超可爱,女,广东,,,,3515,562,61,KUN💛IKUN🦁️🐱
7187344074,坤家的胖头白菜,女,湖南,,,,275,10,71,KUN宋祁
6518134035,老阿姨家的小公主,女,北京,,,,27281,83,214,
6281646277,放纵不羁的玥儿,女,其他,,,,123,3,31,
6014572644,心怡爱坤一辈子,女,广东 东莞,,,,376,8,105,
5365077344,消逝的时光201411,女,贵州 六盘水,,,,1085,142,415,
6526730542,叶子20182018,女,海南,,,,4532,756,400,为坤而开
6733525803,Zh三条鱼,女,新疆,,,,4654,158,815,
6665135780,菜菜的机器猫砍砍,女,北京 朝阳区,,,,2775,126,220,
6195345658,小奶豹与稻草人,女,广西,,,,6489,177,2483,我和你的故事希望会是forever
7350333035,天风云淡过眼烟云,女,新疆,,,,667,39,250,
6345233528,储蓄卡的小猫咪啾咪,女,上海,,,,4897,98,733,
2634338191,爱Kun无限,女,上海 闵行区,,,,15906,924,2223,唯坤不弃
7246208317,守护单枪匹马蔡徐坤,男,其他,,,,1498,337,294,Love kun
6571949164,cxk9164,女,广东,,,,3736,219,262,广东深圳
6727594230,押换活_989781,男,海南,,,,338,55,202,
3861020052,奎葵坤坤802,女,北京 东城区,,,,2317,93,639,
7287544119,Fk研儿1_sV,女,北京,,,,210,4,155,
5671049614,静水深远wenjing,女,湖北,,,,1839,254,318,
7277878910,Am化代2,女,山东,,,,245,193,250,
6745916683,吃包子的胖丁,女,山东,,,,589,17,121,未曾谋面的也终将会相遇
6086530419,莎待着的鱼,女,浙江 湖州,,,,700,185,413,
6499649034,十安爱吃菜,女,海外,,,,2162,103,275,高冷girl ! !
6547380717,AK曲黎-S,女,湖北 武汉,,,,367,77,100,未来的路还很长
5096383765,大奎的甜心呀,女,福建,,,,2109,97,183,俊渣的lover
6660990707,唯IKUN锁,女,浙江,,,,589,75,224,
6303392348,爱喝果汁的ikun,女,其他,,,,975,105,154,不燃怎 Young 👊
6979333101,Meichan0802,女,海外,,,,756,19,308,
7349403983,大女r织见利,女,湖南,,,,1762,539,230,
7340133011,爱唯09115,男,其他,,,,452,16,178,
7336397471,猪猪22037,男,其他,,,,379,16,157,
7326255387,唯唯26932,男,其他,,,,543,37,225,唯
7326649717,菜菜唯唯,男,其他,,,,484,21,182,
2654194677,薄荷青麦sky,女,吉林 长春,,,,42616,2312,1498,愿你所到之处，遍地阳光；愿你梦的远方，温暖为向。
7326418975,唯唯菜菜,男,上海,,,,714,32,289,
7326430482,西家的大脸猫,男,上海,,,,561,28,199,
6003463624,蝶儿70_87467,女,安徽 合肥,,,,7580,79,525,
1318138681,雨天的坤,女,湖南 长沙,,,,9175,46,47,一吃就胖的吃货双鱼座
6259349797,匆匆那年-梦,女,湖北,,,,131,172,160,心若冰清 波澜不惊 70后好安心
2705409913,独鼠一只吱,女,天津,,,,2704,123,233,别把我的个性和态度混为一谈，我的个性是源于我是谁，而我的态度则取决于你是谁。
6162511924,一只爱吃菜包的喵,女,江苏,,,,2268,74,288,起死回生后疯了渡成了妖~~
5793053853,牛肉炒芹菜很香很辣很好吃,女,海外 其他,,,,6029,262,1542,世间一切美丽 请包围我(˶‾᷄ ⁻̫ ‾᷅˵)
7322847570,案发现场在这,女,上海,,,,150,7,48,爱菜菜
1632158584,凌晨的流云_269,女,上海,,,,232,29,370,
1038232404,月迦兰,女,江苏 南京,,,,2066,338,886,
6460737080,嘟嘟鑫鑫ii,女,北京 朝阳区,,,,796,48,147,爱坤
5500578571,一辈子只爱蔡徐坤ikun,男,黑龙江 哈尔滨,,,,77,24,200,
6646424971,想名字很麻煩_,男,海外,,,,1064,105,114,
5915773274,改什么名字才可以,男,海外,,,,23498,143,159,小号一个用来做数据的
6628152232,82困困熊,女,甘肃,,,,2404,153,105,solo追小蔡这个用来做数据介意可双
6588598388,改改199403,男,其他,,,,2499,549,615,
3310764867,淹死的鱼刺,女,河南,,,,1386,93,892,生活这么苦，何不来点蔡徐坤
6975144892,原因设想中,女,新疆,,,,903,70,130,
6859950754,歌微802LOVEK,女,贵州,,,,2905,131,144,KUN &amp; IKUN
5804722903,蜡笔小坤好可耐,女,其他,,,,11059,474,642,就喜欢蔡徐坤怎么了
6859204656,U宝_iu8o2,女,湖南,,,,3025,134,147,美好的世界遇到美好的你
6507937169,菜小坤882,女,其他,,,,887,36,385,
7350491002,演员菲儿丨sUC,女,湖南,,,,2,29,2272,
6495435622,桃味柠檬糖,男,其他,,,,1158,39,122,无条件偏爱你
7238153463,CFR9,女,广东 广州,,,,3928,57,337,
6582633685,给蔡小KUN摘星星,女,山东,,,,6977,226,264,请叫我ikun
6534263419,小王子戴上了皇冠,女,北京,,,,9054,10978,1215,感谢时光，不偏不倚，让我刚好遇见你
3211201884,别踩我宝贝的vans,女,其他,,,,1793,163,585,宝贝们一生平安喜乐顺遂呀
6606986966,用户6606986966,女,河南,,,,248,84,65,
6606981467,用户6606981467,女,河南,,,,247,99,84,
7276912012,If步六2,女,安徽,,,,118,25,127,
6438043310,ikun小燕,女,其他,,,,1498,158,223,
6289111400,-明天-大涨,女,新疆,,,,692,881,4304,
6571140936,葵葵小宝贝_,女,河南,,,,1078,171,104,希望与爱 从未离开
7339126957,m尢晞,女,湖南 湘西土家族苗族自治州,,,,2,3,19,我很烦那种突然的亲切 然后瞬间又冷漠.
6500130670,何也菜菜,男,其他,,,,5487,140,310,K-U-N
7040295283,德瘴撕硕痉378,女,浙江,,,,0,37,4894,
1853590434,liwu姐姐,女,重庆,,,,3550,359,844,唯kun
6675091644,我家有奶茶,女,吉林,,,,1004,139,314,
7317419884,菜团子妈妈揉揉头,女,江苏,,,,715,58,70,
6480509904,迷失恴謎,女,黑龙江,,,,2508,292,589,快乐追星我喜欢你笑的样子
6558341379,小小小米粒儿_KUN,女,山东,,,,6298,261,317,未曾谋面的也终将会相遇
7004412910,扶摇直上气贯长虹,女,其他,,,,11371,95,302,愿我如星君如月，夜夜流光相皎洁。
6840063621,iiiiiicc-,男,安徽,,,,1186,32,699,
6981421483,旧心酸丶傻,男,黑龙江,,,,99,67,89,
7006278867,菩提树下悟道__,女,河南,,,,337,111,119,
7277149259,葵葵揉面儿,女,江西,,,,1025,106,95,
5944608846,一起组团偷葵葵,女,海外 澳大利亚,,,,11315,198,151,铁血葵妈❤️
5812623932,-虚幻梦境,女,其他,,,,2682,192,189,IKUN关注都会回哒，专注为菜菜做数据
5968747080,eonoes心意如我,女,吉林,,,,7106,154,359,心意如我，心无旁骛
6861132061,ManEaterXII也爱葵葵,男,其他,,,,6267,89,100,
6962411092,可不可以随便取名,男,山东,,,,241,33,5005,只为你而来，以后也只为你
6299052031,徐坤大傻瓜的金话筒,女,江苏,,,,448,202,280,不吃青椒
7312075970,蔡小姣吖,女,湖南 湘西土家族苗族自治州,,,,116,12,204,咳咳咳！吾乃ikun，秃头女孩，ak🤪🤪🤪 一起来爱老蔡头吧！
6671162487,蔡徐坤最娇的小娇妻,女,北京,,,,747,564,82,蔡徐坤的ikun
6914815732,包包子o,女,云南 曲靖,,,,235,28,128,🙋🙋🙋
6636632827,我不秃头谁秃头5,女,其他,,,,649,211,500,
7243509219,用户7243509219,女,其他,,,,738,22,183,
5668664377,Wzj802,男,广东 广州,,,,3499,73,485,
7294925274,小葵的糖_,女,其他,,,,393,35,173,如果你需要我，我就在你身边
6983040533,我是一个假路人,男,新疆,,,,274,33,605,
6625359105,坤坤熊宝,女,江苏 南京,,,,1065,57,91,
6528690527,喵喵喵喵星人2005,女,江苏,,,,4010,208,440,
6470105405,葵恋奎,女,其他,,,,2575,52,166,未曾谋面的也终将会相遇
5990480700,Rfly1-敲诈勒hbn,女,香港,,,,14,59,3281,
7039921415,烁暮卑俜林259,女,贵州,,,,0,33,4308,
5989566745,MrZWG-甘苦与ahs,男,香港,,,,8,95,3127,
7202048873,JMbSV-双绞线xwp,男,海南,,,,7,59,1125,
6241367183,赤白菜,男,安徽,,,,30792,1389,3999,
2953678035,Z美丽Z美包包秀SH0W-,男,广东,,,,8,24,2154,
3509238002,终于还只是未名,女,北京 通州区,,,,123,88,136,一直对命运耿耿于怀！！
3808018474,瘦腿瘦腰小仙女,女,北京,,,,254,20749,3387,要么瘦、要么死！咨询减肥➕V:18351070831
6893282379,wyoqz2l1f,女,海外 美国,,,,2,30,531,
6609600352,用户6609600352,男,其他,,,,2,54,4137,
5536328577,3_0岁的小仙女,男,其他,,,,22,21,114,
2919854830,gogo毽子棉1982,女,其他,,,,7827,403,4927,
1765949505,奋不顾身的饺子举起投降的旗帜,女,其他,,,,710,1033,901,开开心心🥰
3303635191,若之如初见_,女,北京,,,,392,246,1249,人生不是一种享乐，而是一桩十分沉重的工作。
5232500283,lhclh寂,男,四川 成都,,,,0,4,96,
5694777744,我有他hei91654,男,其他,,,,197,12,73,
2619632981,永远不哭的木木,女,山西,,,,13,8,102,
